,,,,User,,,,,,,
name,Anjali Shah,Siddhart Singh ,Anju Gupta,Amit Trivedi,Rohit Sharma ,Gayatri singh,Rahul Singhania,Shruti Agarwal,Tejas Sharma ,Soumya Mishra ,Simran Gupta 
username,anjali_s,ss_9,anju_g,amit_t,r_sharma,gayatri_s,r_singhania,shruti_a,tsharam,soumya96,simrang
password,anjali_s,ss_9,anju_g,amit_t,r_sharma,gayatri_s,r_singhania,shruti_a,tsharam,soumya96,simrang
email,anjali_s@gmail.com ,ss_9@gmail.com,anju_g@gmail.com ,amit_t@gmail.com,r_sharma@gmail.com ,gayatri_s@gmail.com,r_singhania@gmail.com,shruti_a@gmail.com,tsharam@gmail.com,soumya96@gmail.com,simrang@gmail.com
country,India,India,India,India,India,India,India,India,India,India,India
contact,+919467077459,+919906321789,+919408665091,+919095617892,+919245087460,+919567834909,+919511026738,+919278362987,+919978456387,+919683526710,+919287548390
userId,20,21,22,23,24,25,26,27,28,29,30